slug,marca,nombre,genero,concentracion,volumen_ml,tiene_piramide,salida,corazon,fondo,notas,acordes,fragrantica_url,ficha
afnan-9am,Afnan,9AM,hombre,edp,100,1,limón (lima ácida) | mandarina | cardamomo | pimienta rosa,lavanda | flor de azahar del naranjo | manzana verde | rosa,almizcle | musgo | cedro | pachulí,limón (lima ácida) | mandarina | cardamomo | pimienta rosa | lavanda | flor de azahar del naranjo | manzana verde | rosa | almizcle | musgo | cedro | pachulí,cítrico | almizclado | aromático | amaderado | cálido especiado | lavanda | musgoso | terrosos | afrutados | atalcado,https://www.fragrantica.es/perfume/Afnan/9am-70706.html,https://privateriche.com/perfume-arabe/afnan-9am
afnan-9am-dive,Afnan,9AM Dive,hombre,edp,100,1,limón (lima ácida) | menta | grosellas negras | pimienta rosa,manzana | cedro | incienso,jengibre | sándalo | pachulí | jazmín,limón (lima ácida) | menta | grosellas negras | pimienta rosa | manzana | cedro | incienso | jengibre | sándalo | pachulí | jazmín,afrutados | verde | amaderado | cítrico | fresco especiado | aromático | fresco | especiado suave | cálido especiado | balsámico,https://www.fragrantica.es/perfume/Afnan/9am-Dive-78611.html,https://privateriche.com/perfume-arabe/afnan-9am-dive
afnan-9am-pour-femme,Afnan,9AM Pour Femme,mujer,edp,100,1,mandarina | toronja (pomelo) | bergamota,frambuesa | grosellas negras,almizcle | ámbar | naranja,mandarina | toronja (pomelo) | bergamota | frambuesa | grosellas negras | almizcle | ámbar | naranja,cítrico | afrutados | dulce | almizclado | ámbar | atalcado | fresco especiado | animálico,https://www.fragrantica.es/perfume/Afnan/9am-pour-Femme-78541.html,https://privateriche.com/perfume-arabe/afnan-9am-pour-femme
afnan-9pm,Afnan,9PM,hombre,edp,100,1,manzana | canela | lavanda silvestre | bergamota,flor de azahar del naranjo | lirio de los valles (muguete),vainilla | haba tonka | ámbar | pachulí,manzana | canela | lavanda silvestre | bergamota | flor de azahar del naranjo | lirio de los valles (muguete) | vainilla | haba tonka | ámbar | pachulí,avainillado | ámbar | cálido especiado | afrutados | canela | dulce | lavanda | fresco | aromático | cítrico,https://www.fragrantica.es/perfume/Afnan/9pm-65414.html,https://privateriche.com/perfume-arabe/afnan-9pm
afnan-9pm-elixir,Afnan,9PM Elixir,hombre,edp,100,1,cardamomo | nuez moscada | elemí,pimienta de Jamaica | cuero | lavanda,vainilla | pachulí | ládano | heliántemo,cardamomo | nuez moscada | elemí | pimienta de Jamaica | cuero | lavanda | vainilla | pachulí | ládano | heliántemo,cálido especiado | avainillado | aromático | fresco especiado | cuero | lavanda | balsámico | pachulí | atalcado | amaderado,https://www.fragrantica.es/perfume/Afnan/9PM-Elixir-111894.html,https://privateriche.com/perfume-arabe/afnan-9pm-elixir
afnan-9pm-night-out,Afnan,9PM Night Out,unisex,extrait,100,1,pitahaya | lavanda | coñac | manzana | bergamota,tófe | gamuza | cardamomo | cedro | Mahonial,haba tonka | Akigalawood | Ambrofix™ | pachulí,pitahaya | lavanda | coñac | manzana | bergamota | tófe | gamuza | cardamomo | cedro | Mahonial | haba tonka | Akigalawood | Ambrofix™ | pachulí,amaderado | afrutados | cálido especiado | dulce | tropical | aromático | lavanda | florales | avainillado | fresco especiado,https://www.fragrantica.es/perfume/Afnan/9-PM-Night-Out-123313.html,https://privateriche.com/perfume-arabe/afnan-9pm-night-out
afnan-9pm-pour-femme,Afnan,9PM Pour Femme,mujer,edp,100,1,frambuesa | violeta | manzana | naranja,rosa | peonía | iris | jazmín,ciprés | pino | ámbar | cedro,frambuesa | violeta | manzana | naranja | rosa | peonía | iris | jazmín | ciprés | pino | ámbar | cedro,amaderado | afrutados | rosas | florales | aromático | atalcado | violeta | fresco | dulce | ámbar,https://www.fragrantica.es/perfume/Afnan/9pm-pour-Femme-78544.html,https://privateriche.com/perfume-arabe/afnan-9pm-pour-femme
afnan-9pm-rebel,Afnan,9PM Rebel,hombre,edp,100,1,piña | manzana Granny Smith | mandarina,musgo de roble | cedro | vainilla,Madera seca | ámbar gris | caramelo | almizcle,piña | manzana Granny Smith | mandarina | musgo de roble | cedro | vainilla | Madera seca | ámbar gris | caramelo | almizcle,afrutados | dulce | amaderado | tropical | fresco | musgoso | ámbar | caramelo | avainillado | atalcado,https://www.fragrantica.es/perfume/Afnan/9-PM-Rebel-99238.html,https://privateriche.com/perfume-arabe/afnan-9pm-rebel
afnan-rare-carbon,Afnan,Rare Carbon,hombre,edp,100,1,cuero | hojas de violeta | nuez moscada | canela,violeta | madera de oud | rosa | cedro,vetiver | sándalo | ámbar,cuero | hojas de violeta | nuez moscada | canela | violeta | madera de oud | rosa | cedro | vetiver | sándalo | ámbar,cuero | amaderado | atalcado | ozónico | violeta | animálico | oud | acuático | rosas | fresco especiado,https://www.fragrantica.es/perfume/Afnan/Rare-Carbon-66627.html,https://privateriche.com/perfume-arabe/afnan-rare-carbon
afnan-rare-tiffany,Afnan,Rare Tiffany,mujer,edp,100,1,ylang-ylang | jazmín | rosa,almizcle | sándalo | vainilla,jengibre | pimienta rosa | caramelo,ylang-ylang | jazmín | rosa | almizcle | sándalo | vainilla | jengibre | pimienta rosa | caramelo,amaderado | Floral amarillo | almizclado | dulce | atalcado | floral blanco | rosas | fresco especiado | florales | avainillado,https://www.fragrantica.es/perfume/Afnan/Rare-Tiffany-70698.html,https://privateriche.com/perfume-arabe/afnan-rare-tiffany
afnan-supremacy-not-only,Afnan,Supremacy Not Only Intense,hombre,extrait,100,1,grosellas negras | bergamota | manzana,musgo de roble | pachulí | lavanda,ámbar gris | almizcle | azafrán,grosellas negras | bergamota | manzana | musgo de roble | pachulí | lavanda | ámbar gris | almizcle | azafrán,afrutados | musgoso | amaderado | terrosos | cítrico | fresco especiado | ámbar | animálico | aromático | cálido especiado,https://www.fragrantica.es/perfume/Afnan/Supremacy-Not-Only-Intense-68271.html,https://privateriche.com/perfume-arabe/afnan-supremacy-not-only
afnan-supremacy-silver,Afnan,Supremacy Silver,hombre,edp,100,1,piña | bergamota | grosellas negras | manzana,abedul | pachulí | jazmín de Marruecos | rosa,almizcle | musgo de roble | ámbar gris | vainilla,piña | bergamota | grosellas negras | manzana | abedul | pachulí | jazmín de Marruecos | rosa | almizcle | musgo de roble | ámbar gris | vainilla,afrutados | cuero | amaderado | dulce | ahumado | cítrico | almizclado | musgoso | tropical | terrosos,https://www.fragrantica.es/perfume/Afnan/Supremacy-Silver-27352.html,https://privateriche.com/perfume-arabe/afnan-supremacy-silver
afnan-supremacy-in-oud,Afnan,Supremacy in Oud,unisex,extrait,100,1,azafrán | nuez moscada | lavanda,madera de oud | notas dulces,pachulí | almizcle,azafrán | nuez moscada | lavanda | madera de oud | notas dulces | pachulí | almizcle,oud | cálido especiado | fresco especiado | dulce | pachulí | metálico | lavanda | almizclado | cuero | amaderado,https://www.fragrantica.es/perfume/Afnan/Supremacy-in-Oud-68283.html,https://privateriche.com/perfume-arabe/afnan-supremacy-in-oud
afnan-turathi-blue,Afnan,Turathi Blue,hombre,edp,90,1,cítricos,notas amaderadas | ámbar,almizcle | especias | pachulí,cítricos | notas amaderadas | ámbar | almizcle | especias | pachulí,cítrico | almizclado | amaderado | fresco | ámbar | atalcado | cálido especiado | pachulí | fresco especiado,https://www.fragrantica.es/perfume/Afnan/Turathi-Blue-70839.html,https://privateriche.com/perfume-arabe/afnan-turathi-blue
ajmal-amber-wood,Ajmal,Amber Wood,unisex,edp,50,1,cardamomo | manzana | lavanda | pimienta blanca,cedro | raíz de lirio,ámbar | notas amaderadas | pachulí,cardamomo | manzana | lavanda | pimienta blanca | cedro | raíz de lirio | ámbar | notas amaderadas | pachulí,amaderado | cálido especiado | ámbar | fresco especiado | aromático | pachulí | atalcado | lavanda | afrutados,https://www.fragrantica.es/perfume/Ajmal/Amber-Wood-26016.html,https://privateriche.com/perfume-arabe/ajmal-amber-wood
ajmal-aristocrat,Ajmal,Aristocrat,hombre,edp,75,1,bergamota | lima (limón verde) | sandía,almizcle | azucena | jazmín,almizcle | madera de oud | cedro | ámbar | pachulí,bergamota | lima (limón verde) | sandía | almizcle | azucena | jazmín | almizcle | madera de oud | cedro | ámbar | pachulí,cítrico | floral blanco | amaderado | almizclado | atalcado | oud | fresco especiado | ozónico | ámbar | acuático,https://www.fragrantica.es/perfume/Ajmal/Aristocrat-45061.html,https://privateriche.com/perfume-arabe/ajmal-aristocrat
ajmal-aurum,Ajmal,Aurum,mujer,edp,75,1,frambuesa | limón (lima ácida),notas afrutadas | gardenia | flor de azahar del naranjo | jazmín | notas especiadas,notas atalcadas | vainilla | almizcle | ámbar | notas amaderadas,frambuesa | limón (lima ácida) | notas afrutadas | gardenia | flor de azahar del naranjo | jazmín | notas especiadas | notas atalcadas | vainilla | almizcle | ámbar | notas amaderadas,floral blanco | afrutados | dulce | atalcado | cítrico | avainillado | almizclado | animálico | ámbar,https://www.fragrantica.es/perfume/Ajmal/Aurum-14028.html,https://privateriche.com/perfume-arabe/ajmal-aurum
ajmal-evoke-gold-edition,Ajmal,Evoke Gold Edition,hombre,edp,75,1,neroli | pimienta,raíz de lirio | ámbar | geranio,cedro | pachulí,neroli | pimienta | raíz de lirio | ámbar | geranio | cedro | pachulí,iris | fresco especiado | amaderado | atalcado | terrosos | aromático | ámbar | cálido especiado | floral blanco | cítrico,https://www.fragrantica.es/perfume/Ajmal/Evoke-Gold-For-Him-51252.html,https://privateriche.com/perfume-arabe/ajmal-evoke-gold-edition
ajmal-sacrifice-for-him,Ajmal,Sacrifice for Him,hombre,edp,100,0,,,,naranja | flor de jengibre | cardamomo | almizcle | cedro | nuez moscada,fresco especiado | cítrico | cálido especiado | almizclado | amaderado | atalcado | aromático | fresco | dulce,https://www.fragrantica.es/perfume/Ajmal/Sacrifice-for-Him-15098.html,https://privateriche.com/perfume-arabe/ajmal-sacrifice-for-him
ajmal-wisal,Ajmal,Wisal,mujer,edp,50,0,,,,rosa | especias | almizcle | notas florales | sándalo,rosas | florales | cálido especiado | almizclado | atalcado | amaderado,https://www.fragrantica.es/perfume/Ajmal/Wisal-15109.html,https://privateriche.com/perfume-arabe/ajmal-wisal
al-haramain-amber-oud-aqua-dubai,Al Haramain,Amber Oud Aqua Dubai,unisex,extrait,75,1,notas verdes | bergamota | mandarina,melón | ámbar | grosellas negras | piña,almizcle | petit grain | gálbano | vainilla,notas verdes | bergamota | mandarina | melón | ámbar | grosellas negras | piña | almizcle | petit grain | gálbano | vainilla,cítrico | verde | almizclado | aromático | fresco especiado | afrutados | atalcado,https://www.fragrantica.es/perfume/Al-Haramain-Perfumes/Amber-Oud-Aqua-Dubai-96482.html,https://privateriche.com/perfume-arabe/al-haramain-amber-oud-aqua-dubai
al-haramain-amber-oud-bleu-edition,Al Haramain,Amber Oud Bleu Edition,unisex,,100,1,toronja (pomelo) | limón (lima ácida) | menta | pimienta rosa,jengibre | vetiver | jazmín,incienso de olíbano (franquincienso) | sándalo | cedro | pachulí,toronja (pomelo) | limón (lima ácida) | menta | pimienta rosa | jengibre | vetiver | jazmín | incienso de olíbano (franquincienso) | sándalo | cedro | pachulí,cítrico | amaderado | fresco especiado | aromático | verde | ámbar | cálido especiado | fresco,https://www.fragrantica.es/perfume/Al-Haramain-Perfumes/Amber-Oud-Bleu-Edition-73206.html,https://privateriche.com/perfume-arabe/al-haramain-amber-oud-bleu-edition
al-haramain-amber-oud-dubai-night,Al Haramain,Amber Oud Dubai Night,hombre,extrait,75,1,azafrán | bergamota | elemí,rosa de Bulgaria (rosa Damascena de Bulgaria) | madera de oud | lirio de los valles (muguete),haba tonka | ámbar | almizcle blanco | musgo de roble,azafrán | bergamota | elemí | rosa de Bulgaria (rosa Damascena de Bulgaria) | madera de oud | lirio de los valles (muguete) | haba tonka | ámbar | almizcle blanco | musgo de roble,ámbar | cálido especiado | rosas | oud | aromático | cítrico | avainillado | almizclado,https://www.fragrantica.es/perfume/Al-Haramain-Perfumes/Amber-Oud-Dubai-Night-96481.html,https://privateriche.com/perfume-arabe/al-haramain-amber-oud-dubai-night
al-haramain-amber-oud-gold-edition,Al Haramain,Amber Oud Gold Edition,unisex,edp,60,1,bergamota | notas verdes,melón | piña | ámbar | Acorde goloso,vainilla | almizcle | notas amaderadas,bergamota | notas verdes | melón | piña | ámbar | Acorde goloso | vainilla | almizcle | notas amaderadas,dulce | afrutados | ozónico | avainillado | atalcado | almizclado | fresco | ámbar | acuático | cítrico,https://www.fragrantica.es/perfume/Al-Haramain-Perfumes/Amber-Oud-Gold-Edition-51816.html,https://privateriche.com/perfume-arabe/al-haramain-amber-oud-gold-edition
al-haramain-l-aventure-knight,Al Haramain,L'Aventure Knight,hombre,edp,100,1,"cedrón (hierba luisa, verbena de olor) | bergamota | té",hojas de violeta | iris,notas atalcadas | ámbar gris | almizcle | sándalo,"cedrón (hierba luisa, verbena de olor) | bergamota | té | hojas de violeta | iris | notas atalcadas | ámbar gris | almizcle | sándalo",atalcado | cítrico | ozónico | amaderado | iris | ámbar | verde | almizclado | acuático | animálico,https://www.fragrantica.es/perfume/Al-Haramain-Perfumes/L-Aventure-Knight-51824.html,https://privateriche.com/perfume-arabe/al-haramain-l-aventure-knight
al-haramain-madinah,Al Haramain,Madinah,unisex,edp,100,1,rosa | geranio | Davana | naranja | bergamota,rosa | sándalo | azafrán | orquídea | jazmín | cedro | clavos de olor,sándalo | almizcle | notas florales | ámbar | cedro | cachemira,rosa | geranio | Davana | naranja | bergamota | rosa | sándalo | azafrán | orquídea | jazmín | cedro | clavos de olor | sándalo | almizcle | notas florales | ámbar | cedro | cachemira,rosas | florales | cálido especiado | amaderado | atalcado | floral blanco | metálico,https://www.fragrantica.es/perfume/Al-Haramain-Perfumes/Madinah-19946.html,https://privateriche.com/perfume-arabe/al-haramain-madinah
al-haramain-oudh-36,Al Haramain,Oudh 36,hombre,edp,75,1,ládano | ylang-ylang | geranio,rosa | pachulí | cedro,ládano | ámbar | benjuí,ládano | ylang-ylang | geranio | rosa | pachulí | cedro | ládano | ámbar | benjuí,ámbar | amaderado | rosas | cálido especiado | pachulí | balsámico,https://www.fragrantica.es/perfume/Al-Haramain-Perfumes/Oudh-36-53256.html,https://privateriche.com/perfume-arabe/al-haramain-oudh-36
arabian-oud-kalemat,Arabian Oud,Kalemat,unisex,edp,50,1,moras azules | anís,madera de cachemira | notas florales | romero,ámbar | miel | almizcle,moras azules | anís | madera de cachemira | notas florales | romero | ámbar | miel | almizcle,ámbar | almizclado | amielado | dulce | amaderado | florales | afrutados | atalcado | animálico | especiado suave,https://www.fragrantica.es/perfume/Arabian-Oud/Kalemat-21623.html,https://privateriche.com/perfume-arabe/arabian-oud-kalemat
arabian-oud-kashmiri,Arabian Oud,Kashmir,hombre,edp,100,1,yuzu | grosellas negras | ciruela,jazmín | rosa,madera de cachemira | madera de oud | almizcle blanco | vainilla,yuzu | grosellas negras | ciruela | jazmín | rosa | madera de cachemira | madera de oud | almizcle blanco | vainilla,afrutados | amaderado | almizclado | cítrico | dulce | oud | florales | avainillado | verde | fresco especiado,https://www.fragrantica.es/perfume/Arabian-Oud/Kashmir-63057.html,https://privateriche.com/perfume-arabe/arabian-oud-kashmiri
arabian-oud-resala,Arabian Oud,Resala,mujer,edp,75,0,,,,chocolate | pétalos de rosa | notas amaderadas | vainilla | azafrán,cálido especiado | rosas | amaderado | chocolate | avainillado | dulce | metálico | cacao | cuero | florales,https://www.fragrantica.es/perfume/Arabian-Oud/Resala-53104.html,https://privateriche.com/perfume-arabe/arabian-oud-resala
swiss-arabian-oud-24-hours,Ard Al Zaafaran,Oud 24 Hours,unisex,edp,100,1,chocolate oscuro | mandarina | bergamota,notas especiadas | notas afrutadas | gardenia | ylang-ylang | jazmín,pachulí | madera de oud | sándalo | incienso | ámbar,chocolate oscuro | mandarina | bergamota | notas especiadas | notas afrutadas | gardenia | ylang-ylang | jazmín | pachulí | madera de oud | sándalo | incienso | ámbar,cálido especiado | amaderado | dulce | chocolate | ámbar | pachulí | afrutados | floral blanco | cítrico | balsámico,https://www.fragrantica.es/perfume/Ard-Al-Zaafaran/Oud-24-Hours-42090.html,https://privateriche.com/perfume-arabe/swiss-arabian-oud-24-hours
armaf-club-de-nuit-iconic,Armaf,Club de Nuit Iconic,hombre,edp,105,1,toronja (pomelo) | limón (lima ácida) | menta | pimienta rosa | cilantro,jengibre | melón | jazmín | nuez moscada,notas amaderadas | incienso | sándalo | ámbar | cedro | pachulí | ládano,toronja (pomelo) | limón (lima ácida) | menta | pimienta rosa | cilantro | jengibre | melón | jazmín | nuez moscada | notas amaderadas | incienso | sándalo | ámbar | cedro | pachulí | ládano,cítrico | amaderado | fresco especiado | ámbar | aromático | fresco | cálido especiado | balsámico | verde | ahumado,https://www.fragrantica.es/perfume/Armaf/Club-de-Nuit-Blue-Iconic-78475.html,https://privateriche.com/perfume-arabe/armaf-club-de-nuit-iconic
armaf-club-de-nuit-imperiale,Armaf,Club de Nuit Imperiale,hombre,edp,105,1,lichi | bergamota | nuez moscada,rosa turca | vainilla | almizcle | peonía,vainilla | incienso | cachemira | cedro,lichi | bergamota | nuez moscada | rosa turca | vainilla | almizcle | peonía | vainilla | incienso | cachemira | cedro,rosas | florales | atalcado | almizclado | avainillado | fresco | amaderado | afrutados | fresco especiado | tropical,https://www.fragrantica.es/perfume/Armaf/Club-de-Nuit-White-Imperiale-78474.html,https://privateriche.com/perfume-arabe/armaf-club-de-nuit-imperiale
armaf-club-de-nuit-intense-man,Armaf,Club de Nuit Intense Man,hombre,edp,105,1,limón (lima ácida) | piña | bergamota | grosellas negras | manzana,abedul | jazmín | rosa,almizcle | ámbar gris | pachulí | vainilla,limón (lima ácida) | piña | bergamota | grosellas negras | manzana | abedul | jazmín | rosa | almizcle | ámbar gris | pachulí | vainilla,cítrico | afrutados | cuero | ahumado | amaderado | aromático | dulce | fresco | almizclado,https://www.fragrantica.es/perfume/Armaf/Club-de-Nuit-Intense-Man-34696.html,https://privateriche.com/perfume-arabe/armaf-club-de-nuit-intense-man
armaf-club-de-nuit-milestone,Armaf,Club de Nuit Milestone,hombre,edp,105,1,notas marinas | Frutas rojas | bergamota,violeta | maderas blancas | sándalo,almizcle | ambroxan | vetiver,notas marinas | Frutas rojas | bergamota | violeta | maderas blancas | sándalo | almizcle | ambroxan | vetiver,marino | aromático | amaderado | atalcado | almizclado | afrutados | violeta | cítrico | ámbar | salado,https://www.fragrantica.es/perfume/Armaf/Club-de-Nuit-Milestone-64104.html,https://privateriche.com/perfume-arabe/armaf-club-de-nuit-milestone
armaf-club-de-nuit-oud,Armaf,Club de Nuit Oud,unisex,edp,105,1,durazno (melocotón) | pera | maracuyá (fruta de la pasión) | piña | ciruela | bergamota,madera de cachemira | jazmín | hojas de violeta | fresia,almizcle | Oud camboyano | vainilla | ámbar cristalino,durazno (melocotón) | pera | maracuyá (fruta de la pasión) | piña | ciruela | bergamota | madera de cachemira | jazmín | hojas de violeta | fresia | almizcle | Oud camboyano | vainilla | ámbar cristalino,afrutados | dulce | amaderado | almizclado | atalcado | animálico | ámbar | tropical | fresco | avainillado,https://www.fragrantica.es/perfume/Armaf/Club-de-Nuit-Oud-88825.html,https://privateriche.com/perfume-arabe/armaf-club-de-nuit-oud
armaf-club-de-nuit-sillage,Armaf,Club de Nuit Sillage,hombre,edp,105,1,bergamota | limón (lima ácida) | lima (limón verde) | grosellas negras | hojas de violeta | jengibre,rosa | iris | jazmín,ambroxan | almizcle | sándalo | cedro,bergamota | limón (lima ácida) | lima (limón verde) | grosellas negras | hojas de violeta | jengibre | rosa | iris | jazmín | ambroxan | almizcle | sándalo | cedro,cítrico | almizclado | amaderado | fresco especiado | atalcado | aromático | ámbar | afrutados | florales | rosas,https://www.fragrantica.es/perfume/Armaf/Club-de-Nuit-Sillage-64105.html,https://privateriche.com/perfume-arabe/armaf-club-de-nuit-sillage
armaf-club-de-nuit-untold,Armaf,Club de Nuit Untold,mujer,edp,105,1,azafrán | jazmín,Amberwood | ámbar gris,resina de abeto | cedro,azafrán | jazmín | Amberwood | ámbar gris | resina de abeto | cedro,amaderado | ámbar | cálido especiado | metálico | floral blanco | animálico | cuero | fresco especiado | aromático,https://www.fragrantica.es/perfume/Armaf/Club-de-Nuit-Untold-78476.html,https://privateriche.com/perfume-arabe/armaf-club-de-nuit-untold
armaf-club-de-nuit-women,Armaf,Club de Nuit Women,mujer,edp,105,1,naranja | bergamota | toronja (pomelo) | durazno (melocotón),rosa | jazmín | geranio | lichi,pachulí | almizcle | vainilla | vetiver,naranja | bergamota | toronja (pomelo) | durazno (melocotón) | rosa | jazmín | geranio | lichi | pachulí | almizcle | vainilla | vetiver,cítrico | pachulí | rosas | fresco especiado | amaderado | aromático | terrosos | atalcado | almizclado | cálido especiado,https://www.fragrantica.es/perfume/Armaf/Club-de-Nuit-Woman-27655.html,https://privateriche.com/perfume-arabe/armaf-club-de-nuit-women
armaf-odyssey-aoud,Armaf,Odyssey Aoud,unisex,edp,100,1,azafrán | nuez moscada | lavanda,madera de oud | notas amaderadas,ambroxan | almizcle | pachulí,azafrán | nuez moscada | lavanda | madera de oud | notas amaderadas | ambroxan | almizcle | pachulí,amaderado | oud | almizclado | cálido especiado | fresco especiado | ámbar | lavanda | pachulí | metálico | atalcado,https://www.fragrantica.es/perfume/Armaf/Odyssey-Aoud-83136.html,https://privateriche.com/perfume-arabe/armaf-odyssey-aoud
armaf-odyssey-artisto,Armaf,Odyssey Artisto,unisex,,100,1,bergamota | Notas de frutos secos | salvia,coco | frutas tropicales | canela,vainilla | haba tonka | ámbar,bergamota | Notas de frutos secos | salvia | coco | frutas tropicales | canela | vainilla | haba tonka | ámbar,avainillado | coco | dulce | ámbar | tropical | cítrico | aromático | nueces | cálido especiado | canela,https://www.fragrantica.es/perfume/Armaf/Odyssey-Artisto-106710.html,https://privateriche.com/perfume-arabe/armaf-odyssey-artisto
armaf-odyssey-ba-ha-mas,Armaf,Odyssey Ba Ha Mas,unisex,,100,1,melón | Melón cantalupo | Algas | sal | pera | manzana Granny Smith | ciruela,Notas acuáticas | nenúfar (lirio de agua) | musgo de roble | Incienso,almizcle | ámbar | azúcar | cedro,melón | Melón cantalupo | Algas | sal | pera | manzana Granny Smith | ciruela | Notas acuáticas | nenúfar (lirio de agua) | musgo de roble | Incienso | almizcle | ámbar | azúcar | cedro,marino | acuático | afrutados | salado | dulce | fresco | ozónico | aromático | ámbar | almizclado,https://www.fragrantica.es/perfume/Armaf/Odyssey-BA-HA-MAS-115127.html,https://privateriche.com/perfume-arabe/armaf-odyssey-ba-ha-mas
armaf-odyssey-candee,Armaf,Odyssey Candee,unisex,edp,100,1,fresa | frambuesa | geranio | durazno (melocotón) | bergamota,caramelo | jazmín | maracuyá (fruta de la pasión),pachulí | almizcle | ámbar,fresa | frambuesa | geranio | durazno (melocotón) | bergamota | caramelo | jazmín | maracuyá (fruta de la pasión) | pachulí | almizcle | ámbar,afrutados | dulce | pachulí | caramelo | amaderado | cálido especiado | fresco especiado | almizclado | atalcado | floral blanco,https://www.fragrantica.es/perfume/Armaf/Odyssey-Candee-96990.html,https://privateriche.com/perfume-arabe/armaf-odyssey-candee
armaf-odyssey-dubai-chocolat,Armaf,Odyssey Dubai Chocolat,unisex,edp,100,1,café | pistacho (pistache) | avellana | praliné | Knafeh,chocolate | vainilla | cardamomo,caramelo | Amberwood | haba tonka,café | pistacho (pistache) | avellana | praliné | Knafeh | chocolate | vainilla | cardamomo | caramelo | Amberwood | haba tonka,cálido especiado | dulce | nueces | amaderado | café | chocolate | avainillado | ámbar | caramelo,https://www.fragrantica.es/perfume/Armaf/Odyssey-Dubai-Chocolat-102117.html,https://privateriche.com/perfume-arabe/armaf-odyssey-dubai-chocolat
armaf-odyssey-homme,Armaf,Odyssey Homme,hombre,edp,100,1,cardamomo | neroli | mandarina,flor de azahar del naranjo | rosa,vainilla | notas amaderadas | sándalo | ámbar,cardamomo | neroli | mandarina | flor de azahar del naranjo | rosa | vainilla | notas amaderadas | sándalo | ámbar,amaderado | cálido especiado | avainillado | cítrico | atalcado | floral blanco | ámbar | aromático | dulce,https://www.fragrantica.es/perfume/Armaf/Odyssey-Homme-64464.html,https://privateriche.com/perfume-arabe/armaf-odyssey-homme
armaf-odyssey-mandarin-sky,Armaf,Odyssey Mandarin Sky,unisex,edp,100,1,mandarina | naranja | azafrán | salvia,"caramelo | haba tonka | cempasúchil (tagete, clavelón)",ambroxan | cedro | vetiver,"mandarina | naranja | azafrán | salvia | caramelo | haba tonka | cempasúchil (tagete, clavelón) | ambroxan | cedro | vetiver",cítrico | caramelo | dulce | ámbar | aromático | avainillado | amaderado,https://www.fragrantica.es/perfume/Armaf/Odyssey-Mandarin-Sky-83132.html,https://privateriche.com/perfume-arabe/armaf-odyssey-mandarin-sky
armaf-odyssey-mandarin-sky-elixir,Armaf,Odyssey Mandarin Sky Elixir,unisex,,100,1,mandarina | naranja | lavanda | cardamomo | pimienta negra,caramelo | haba tonka | pachulí | incienso,vainilla | vetiver,mandarina | naranja | lavanda | cardamomo | pimienta negra | caramelo | haba tonka | pachulí | incienso | vainilla | vetiver,cítrico | avainillado | dulce | caramelo | cálido especiado | aromático | ámbar | balsámico | fresco especiado | lavanda,https://www.fragrantica.es/perfume/Armaf/Odyssey-Mandarin-Sky-Elixir-106709.html,https://privateriche.com/perfume-arabe/armaf-odyssey-mandarin-sky-elixir
armaf-odyssey-marshmallow,Armaf,Odyssey Marshmallow,unisex,,100,1,coco | manzana | peonía | limón (lima ácida) | lirio de los valles (muguete),malvavisco (bombón) | fresa | frambuesa | durazno (melocotón) | chabacano | flor de azahar del naranjo,Queso mascarpone | vainilla | praliné | almizcle | haba tonka | ámbar,coco | manzana | peonía | limón (lima ácida) | lirio de los valles (muguete) | malvavisco (bombón) | fresa | frambuesa | durazno (melocotón) | chabacano | flor de azahar del naranjo | Queso mascarpone | vainilla | praliné | almizcle | haba tonka | ámbar,dulce | afrutados | atalcado | avainillado | lactónico,https://www.fragrantica.es/perfume/Armaf/Odyssey-Marshmallow-115132.html,https://privateriche.com/perfume-arabe/armaf-odyssey-marshmallow
armaf-odyssey-mega,Armaf,Odyssey Mega,hombre,edp,100,1,naranja | limón (lima ácida) | bergamota | jengibre | menta,piña | salvia | enebro | geranio,almizcle | cedro | haba tonka | vetiver,naranja | limón (lima ácida) | bergamota | jengibre | menta | piña | salvia | enebro | geranio | almizcle | cedro | haba tonka | vetiver,cítrico | aromático | fresco especiado | dulce | amaderado | fresco | verde | almizclado | afrutados,https://www.fragrantica.es/perfume/Armaf/Odyssey-Mega-Man-83133.html,https://privateriche.com/perfume-arabe/armaf-odyssey-mega
armaf-odyssey-spectra,Armaf,Odyssey Spectra,unisex,edp,100,1,canela | manzana | bergamota,lavanda | canela | flor de azahar del naranjo | lirio de los valles (muguete),vainilla | tabaco | ámbar | haba tonka | pachulí,canela | manzana | bergamota | lavanda | canela | flor de azahar del naranjo | lirio de los valles (muguete) | vainilla | tabaco | ámbar | haba tonka | pachulí,avainillado | cálido especiado | lavanda | canela | ámbar | dulce | afrutados | aromático | tabaco | fresco especiado,https://www.fragrantica.es/perfume/Armaf/Odyssey-Spectra-98692.html,https://privateriche.com/perfume-arabe/armaf-odyssey-spectra
armaf-tres-nuit,Armaf,Tres Nuit,hombre,edp,100,1,iris | limón (lima ácida) | Verbena,lavanda | violeta | notas especiadas,ámbar gris | sándalo,iris | limón (lima ácida) | Verbena | lavanda | violeta | notas especiadas | ámbar gris | sándalo,atalcado | violeta | lavanda | amaderado | iris | cítrico | ámbar | aromático | florales | animálico,https://www.fragrantica.es/perfume/Armaf/Tres-Nuit-27711.html,https://privateriche.com/perfume-arabe/armaf-tres-nuit
asdaaf-ameer-al-arab,Asdaaf,Ameer Al Arab (Príncipe de Arabia),unisex,,100,1,jazmín | madreselva,lavanda | pimienta | azafrán,cardamomo | menta | albahaca,jazmín | madreselva | lavanda | pimienta | azafrán | cardamomo | menta | albahaca,aromático | fresco especiado | floral blanco | cálido especiado | verde | lavanda | herbal,https://www.fragrantica.es/perfume/Asdaaf/Ameer-Al-Arab-105834.html,https://privateriche.com/perfume-arabe/asdaaf-ameer-al-arab
asdaaf-ameer-al-arab-imperium,Asdaaf,Ameer Al Arab Imperium (Príncipe de Arabia),hombre,,100,0,,,,,,,https://privateriche.com/perfume-arabe/asdaaf-ameer-al-arab-imperium
asdaaf-ameerat-al-arab,Asdaaf,Ameerat Al Arab (Princesa de Arabia),mujer,,100,0,,,,,,,https://privateriche.com/perfume-arabe/asdaaf-ameerat-al-arab
asdaaf-ameerat-al-arab-prive-rose,Asdaaf,Ameerat Al Arab Prive Rose (Princesa de Arabia),mujer,,100,1,fresa | uvas | naranja,rosa | almizcle blanco | jazmín | gardenia | ylang-ylang | azucena,haba tonka | ámbar | sándalo,fresa | uvas | naranja | rosa | almizcle blanco | jazmín | gardenia | ylang-ylang | azucena | haba tonka | ámbar | sándalo,rosas | dulce | afrutados | almizclado | floral blanco | atalcado | ámbar | florales | amaderado | cítrico,https://www.fragrantica.es/perfume/Asdaaf/Ameerat-Al-Arab-Prive-Rose-81967.html,https://privateriche.com/perfume-arabe/asdaaf-ameerat-al-arab-prive-rose
fragrance-world-creme-of-clouds,Fragrance World,Creme of Clouds,unisex,,100,0,,,,crema batida | Azúcar Quemado | leche de coco | vainilla,avainillado | dulce | coco | lactónico | tropical,https://www.fragrantica.es/perfume/Fragrance-World/Creme-of-Clouds-102885.html,https://privateriche.com/perfume-arabe/fragrance-world-creme-of-clouds
french-avenue-aether,French Avenue,Aether,unisex,extrait,100,1,manzana verde | bergamota | mandarina,cedro | petit grain | cachemira | violeta,musgo de roble | almizcle | Amberwood,manzana verde | bergamota | mandarina | cedro | petit grain | cachemira | violeta | musgo de roble | almizcle | Amberwood,amaderado | cítrico | afrutados | atalcado | almizclado | verde | fresco especiado | fresco | musgoso | aromático,https://www.fragrantica.es/perfume/French-Avenue/Aether-94702.html,https://privateriche.com/perfume-arabe/french-avenue-aether
french-avenue-amber-empire,French Avenue,Amber Empire,hombre,extrait,100,1,notas orientales | vaina de vainilla | Licor | madera de cachemira,ámbar | caña de azúcar | cedro,haba tonka | sándalo | almizcle | ládano,notas orientales | vaina de vainilla | Licor | madera de cachemira | ámbar | caña de azúcar | cedro | haba tonka | sándalo | almizcle | ládano,ámbar | avainillado | cálido especiado | amaderado | almizclado | atalcado | dulce,https://www.fragrantica.es/perfume/French-Avenue/Amber-Empire-116876.html,https://privateriche.com/perfume-arabe/french-avenue-amber-empire
french-avenue-atlantis-extrait,French Avenue,Atlantis Extrait,unisex,extrait,100,1,naranja | mandarina | limón (lima ácida),sandía | coco,ámbar gris | cacao | Amberwood,naranja | mandarina | limón (lima ácida) | sandía | coco | ámbar gris | cacao | Amberwood,ozónico | acuático | cítrico | coco | ámbar | dulce | afrutados | cacao | lactónico | cálido especiado,https://www.fragrantica.es/perfume/French-Avenue/Atlantis-Extrait-113595.html,https://privateriche.com/perfume-arabe/french-avenue-atlantis-extrait
french-avenue-cocoa-morado,French Avenue,Cocoa Morado,unisex,edp,100,1,canela | azafrán | nuez moscada | cardamomo | pimienta rosa | jengibre,madera de oud | madera de oud | dátiles | mirra | incienso | caña de azúcar | caramelo | Amberwood | Davana,cuero | vainilla de Madagascar | Manteca de cacao | benjuí | haba tonka | ládano | pachulí | almizcle | yerba mate,canela | azafrán | nuez moscada | cardamomo | pimienta rosa | jengibre | madera de oud | madera de oud | dátiles | mirra | incienso | caña de azúcar | caramelo | Amberwood | Davana | cuero | vainilla de Madagascar | Manteca de cacao | benjuí | haba tonka | ládano | pachulí | almizcle | yerba mate,ámbar | cálido especiado | dulce | avainillado | cuero | balsámico | oud | fresco especiado | ahumado | aromático,https://www.fragrantica.es/perfume/French-Avenue/Cocoa-Morado-98886.html,https://privateriche.com/perfume-arabe/french-avenue-cocoa-morado
french-avenue-fierte,French Avenue,Fierte,unisex,edp,80,1,incienso | tabaco | azafrán,especias | elemí | cedro,vainilla | haba tonka | benjuí,incienso | tabaco | azafrán | especias | elemí | cedro | vainilla | haba tonka | benjuí,ámbar | avainillado | cálido especiado | balsámico | ahumado | dulce | tabaco | aromático | amaderado | atalcado,https://www.fragrantica.es/perfume/French-Avenue/Fierte-95174.html,https://privateriche.com/perfume-arabe/french-avenue-fierte
french-avenue-grecia,French Avenue,Grecia,unisex,extrait,100,1,leche | almizcle ambreta,nardos | incienso | jazmín,almizcle | vainilla | haba tonka | cacao,leche | almizcle ambreta | nardos | incienso | jazmín | almizcle | vainilla | haba tonka | cacao,almizclado | avainillado | lactónico | floral blanco | nardos | atalcado | dulce | ámbar | florales | cálido especiado,https://www.fragrantica.es/perfume/French-Avenue/Grecia-106165.html,https://privateriche.com/perfume-arabe/french-avenue-grecia
french-avenue-liquid-brun,French Avenue,Liquid Brun,hombre,edp,100,1,canela | flor de azahar del naranjo | cardamomo | bergamota,vainilla Bourbon | elemí,praliné | ambroxan | almizcle | madera de gaiac,canela | flor de azahar del naranjo | cardamomo | bergamota | vainilla Bourbon | elemí | praliné | ambroxan | almizcle | madera de gaiac,dulce | cálido especiado | avainillado | canela | floral blanco | atalcado | cítrico | aromático | almizclado | ámbar,https://www.fragrantica.es/perfume/French-Avenue/Liquid-Brun-94713.html,https://privateriche.com/perfume-arabe/french-avenue-liquid-brun
french-avenue-liquid-brun-limited-edition,French Avenue,Liquid Brun Limited Edition,unisex,extrait,150,1,cardamomo | lavanda | cítricos,flor de azahar del naranjo | madera de gaiac | rosa,vainilla | haba tonka | ámbar | musgo de roble,cardamomo | lavanda | cítricos | flor de azahar del naranjo | madera de gaiac | rosa | vainilla | haba tonka | ámbar | musgo de roble,avainillado | ámbar | cítrico | floral blanco | dulce | aromático | cálido especiado | lavanda | atalcado | amaderado,https://www.fragrantica.es/perfume/French-Avenue/Liquid-Brun-Limited-Edition-123526.html,https://privateriche.com/perfume-arabe/french-avenue-liquid-brun-limited-edition
french-avenue-ravine-ginger,French Avenue,Ravine Ginger,unisex,,100,1,jengibre | bergamota | limón (lima ácida),flor de azahar del naranjo | jazmín | magnolia | rosa,vainilla | almizcle | ámbar | sándalo | cachemira | pachulí,jengibre | bergamota | limón (lima ácida) | flor de azahar del naranjo | jazmín | magnolia | rosa | vainilla | almizcle | ámbar | sándalo | cachemira | pachulí,cítrico | fresco especiado | avainillado | atalcado | fresco | almizclado | floral blanco | amaderado | ámbar | aromático,https://www.fragrantica.es/perfume/French-Avenue/Ravine-Ginger-122274.html,https://privateriche.com/perfume-arabe/french-avenue-ravine-ginger
french-avenue-ravine-ice,French Avenue,Ravine Ice,unisex,,100,1,limón (lima ácida) | geranio,sal | salvia | lavanda,ambroxan | musgo | cedro,limón (lima ácida) | geranio | sal | salvia | lavanda | ambroxan | musgo | cedro,aromático | cítrico | herbal | salado | fresco especiado | ámbar | amaderado | almizclado | musgoso | lavanda,https://www.fragrantica.es/perfume/French-Avenue/Ravine-Ice-122272.html,https://privateriche.com/perfume-arabe/french-avenue-ravine-ice
french-avenue-royal-blend,French Avenue,Royal Blend,unisex,extrait,100,1,coñac | canela | ciruela,mirra | iris,vainilla | haba tonka | sándalo,coñac | canela | ciruela | mirra | iris | vainilla | haba tonka | sándalo,cálido especiado | amaderado | avainillado | dulce | canela | afrutados | ámbar | atalcado | balsámico,https://www.fragrantica.es/perfume/French-Avenue/Royal-Blend-94022.html,https://privateriche.com/perfume-arabe/french-avenue-royal-blend
french-avenue-spectre-ghost,French Avenue,Spectre Ghost,hombre,edp,80,1,jengibre | cardamomo | bergamota,pimienta rosa | grosellas negras | rosa,vainilla | cedro | pachulí,jengibre | cardamomo | bergamota | pimienta rosa | grosellas negras | rosa | vainilla | cedro | pachulí,avainillado | fresco especiado | cálido especiado | amaderado | cítrico | aromático | especiado suave | atalcado | fresco | afrutados,https://www.fragrantica.es/perfume/French-Avenue/Spectre-Ghost-94697.html,https://privateriche.com/perfume-arabe/french-avenue-spectre-ghost
french-avenue-veneno,French Avenue,Veneno,unisex,edp,100,1,manzana | Humo | canela,tabaco | musgo,vainilla Bourbon | Orcanox™,manzana | Humo | canela | tabaco | musgo | vainilla Bourbon | Orcanox™,ahumado | afrutados | canela | tabaco | cálido especiado | avainillado | fresco | dulce | verde | amaderado,https://www.fragrantica.es/perfume/French-Avenue/Veneno-105519.html,https://privateriche.com/perfume-arabe/french-avenue-veneno
french-avenue-veneno-bianco,French Avenue,Veneno Bianco,unisex,,100,1,neroli | leche | bergamota,flores blancas | flor de tiaré | ylang-ylang,coco | vainilla | ládano | madera de gaiac,neroli | leche | bergamota | flores blancas | flor de tiaré | ylang-ylang | coco | vainilla | ládano | madera de gaiac,floral blanco | dulce | cítrico | Floral amarillo | lactónico | amaderado | coco | avainillado,https://www.fragrantica.es/perfume/French-Avenue/Veneno-Bianco-105518.html,https://privateriche.com/perfume-arabe/french-avenue-veneno-bianco
french-avenue-vulcan-baie,French Avenue,Vulcan Baie,unisex,extrait,100,1,zarzamora (frambuesa negra) | grosellas negras | romero | bergamota,frambuesa | vodka | albahaca | lirio de los valles (muguete),fresa | almizcle | durazno (melocotón) | ámbar | sándalo | pachulí | incienso,zarzamora (frambuesa negra) | grosellas negras | romero | bergamota | frambuesa | vodka | albahaca | lirio de los valles (muguete) | fresa | almizcle | durazno (melocotón) | ámbar | sándalo | pachulí | incienso,afrutados | dulce | aromático | fresco especiado | amaderado | vodka,https://www.fragrantica.es/perfume/French-Avenue/Vulcan-Baie-110650.html,https://privateriche.com/perfume-arabe/french-avenue-vulcan-baie
french-avenue-vulcan-feu,French Avenue,Vulcan Feu,unisex,extrait,100,1,mango | limón (lima ácida) | jengibre | ruibarbo,pimienta rosa | jazmín | violeta | praliné,haba tonka | cedro | ámbar gris | musgo,mango | limón (lima ácida) | jengibre | ruibarbo | pimienta rosa | jazmín | violeta | praliné | haba tonka | cedro | ámbar gris | musgo,tropical | afrutados | dulce | cítrico | amaderado | fresco | fresco especiado | aromático | terpénico | ámbar,https://www.fragrantica.es/perfume/French-Avenue/Vulcan-Feu-105520.html,https://privateriche.com/perfume-arabe/french-avenue-vulcan-feu
french-avenue-vulcan-sable,French Avenue,Vulcan Sable,unisex,edp,100,1,whisky | naranja | mandarina | cilantro,haba tonka | cachemira | styrax | anís,vainilla | pachulí | benjuí,whisky | naranja | mandarina | cilantro | haba tonka | cachemira | styrax | anís | vainilla | pachulí | benjuí,avainillado | amaderado | ámbar | Whisky | cálido especiado | cítrico | dulce | atalcado | balsámico | almizclado,https://www.fragrantica.es/perfume/French-Avenue/Vulcan-Sable-105521.html,https://privateriche.com/perfume-arabe/french-avenue-vulcan-sable
khadlaj-25-experience,Khadlaj,25 Experience,unisex,edp,100,1,cardamomo | eucalipto | bergamota,cedro | árbol de la higuera | rosa,incienso | cachemira | sándalo,cardamomo | eucalipto | bergamota | cedro | árbol de la higuera | rosa | incienso | cachemira | sándalo,amaderado | cálido especiado | ámbar | atalcado | aromático | ahumado | balsámico | almizclado,https://www.fragrantica.es/perfume/Khadlaj-Perfumes/25-Experience-101044.html,https://privateriche.com/perfume-arabe/khadlaj-25-experience
khadlaj-caffe-latte,Khadlaj,Caffe Latte,unisex,extrait,100,1,café | almendras dulces | leche,vainilla | helado | ámbar,vainilla | crema de almendras | caramelo,café | almendras dulces | leche | vainilla | helado | ámbar | vainilla | crema de almendras | caramelo,dulce | avainillado | café | almendrado | caramelo | lactónico | cálido especiado | nueces | ámbar | afrutados,https://www.fragrantica.es/perfume/Khadlaj-Perfumes/Caffe-Latte-102359.html,https://privateriche.com/perfume-arabe/khadlaj-caffe-latte
khadlaj-cloud-candy,Khadlaj,Cloud Candy,unisex,extrait,100,0,,,,malvavisco (bombón) | fresa | azúcar | crema batida | vainilla | frambuesa | almizcle blanco | coco | naranja tangerina | ambroxan | fresia,dulce | avainillado | afrutados | atalcado | almizclado,https://www.fragrantica.es/perfume/Khadlaj-Perfumes/Cloud-Candy-109598.html,https://privateriche.com/perfume-arabe/khadlaj-cloud-candy
khadlaj-cream-velvet,Khadlaj,Cream Velvet,unisex,extrait,100,1,caramelo | mantequilla,haba tonka | miel | jazmín,vainilla | ámbar | almizcle,caramelo | mantequilla | haba tonka | miel | jazmín | vainilla | ámbar | almizcle,avainillado | dulce | caramelo | ámbar | atalcado | amielado | lactónico | almizclado | balsámico,https://www.fragrantica.es/perfume/Khadlaj-Perfumes/Cream-Velvet-102358.html,https://privateriche.com/perfume-arabe/khadlaj-cream-velvet
khadlaj-empire-victor,Khadlaj,Empire Victor,unisex,edp,100,1,limón (lima ácida) | bergamota,caramelo | jazmín,vainilla | almizcle,limón (lima ácida) | bergamota | caramelo | jazmín | vainilla | almizcle,avainillado | cítrico | caramelo | atalcado | dulce | almizclado | aromático | floral blanco | balsámico,https://www.fragrantica.es/perfume/Khadlaj-Perfumes/Empire-Victor-102002.html,https://privateriche.com/perfume-arabe/khadlaj-empire-victor
khadlaj-fursan-white,Khadlaj,Fursan White,mujer,edp,100,1,bergamota | jazmín,almizcle | coco | almendra,vainilla | cedro | nuez moscada,bergamota | jazmín | almizcle | coco | almendra | vainilla | cedro | nuez moscada,avainillado | almizclado | coco | atalcado | dulce | fresco especiado | amaderado | nueces | almendrado | lactónico,https://www.fragrantica.es/perfume/Khadlaj-Perfumes/Fursan-White-102361.html,https://privateriche.com/perfume-arabe/khadlaj-fursan-white
khadlaj-hareem-al-sultan-gold,Khadlaj,Hareem Al Sultan Gold,mujer,,35,1,bergamota | jazmín | peonía,piña | durazno (melocotón) | ciruela,almizcle | sándalo | pachulí,bergamota | jazmín | peonía | piña | durazno (melocotón) | ciruela | almizcle | sándalo | pachulí,afrutados | dulce | atalcado | amaderado | almizclado | fresco | cítrico | florales | floral blanco | tropical,https://www.fragrantica.es/perfume/Khadlaj-Perfumes/Hareem-Al-Sultan-Gold-82036.html,https://privateriche.com/perfume-arabe/khadlaj-hareem-al-sultan-gold
khadlaj-island,Khadlaj,Island,unisex,extrait,100,1,piña | iris | jengibre | ciprés,coco | notas amaderadas,haba tonka | sándalo | ámbar | ámbar gris,piña | iris | jengibre | ciprés | coco | notas amaderadas | haba tonka | sándalo | ámbar | ámbar gris,dulce | amaderado | coco | ámbar | afrutados | avainillado | tropical | atalcado | iris | fresco,https://www.fragrantica.es/perfume/Khadlaj-Perfumes/Island-102362.html,https://privateriche.com/perfume-arabe/khadlaj-island
khadlaj-island-dreams,Khadlaj,Island Dreams,unisex,extrait,100,1,jengibre | bergamota,toronja (pomelo),almizcle | ambroxan,jengibre | bergamota | toronja (pomelo) | almizcle | ambroxan,cítrico | fresco especiado | almizclado | ámbar | atalcado | aromático,https://www.fragrantica.es/perfume/Khadlaj-Perfumes/Island-Dreams-113593.html,https://privateriche.com/perfume-arabe/khadlaj-island-dreams
khadlaj-island-vanilla-dunes,Khadlaj,Island Vanilla Dunes,unisex,extrait,100,1,vainilla | canela | cardamomo | bergamota,flor de azahar del naranjo | madera de gaiac,praliné | ámbar | almizcle,vainilla | canela | cardamomo | bergamota | flor de azahar del naranjo | madera de gaiac | praliné | ámbar | almizcle,cálido especiado | avainillado | dulce | canela | atalcado | floral blanco | ámbar | cítrico | amaderado | aromático,https://www.fragrantica.es/perfume/Khadlaj-Perfumes/Island-Vanilla-Dunes-106802.html,https://privateriche.com/perfume-arabe/khadlaj-island-vanilla-dunes
khadlaj-karus-blu-spice,Khadlaj,Karus Blu Spice,hombre,edp,100,1,té | bergamota,jengibre | neroli,canela,té | bergamota | jengibre | neroli | canela,fresco especiado | cítrico | fresco | verde | canela | cálido especiado | aromático,https://www.fragrantica.es/perfume/Khadlaj-Perfumes/Karus-Blu-Spice-118223.html,https://privateriche.com/perfume-arabe/khadlaj-karus-blu-spice
khadlaj-shiyaaka-for-men,Khadlaj,Shiyaaka For Men,hombre,edp,100,1,romero | petit grain | pimienta,neroli | raíz de lirio | jazmín,cedro | vetiver | pachulí,romero | petit grain | pimienta | neroli | raíz de lirio | jazmín | cedro | vetiver | pachulí,amaderado | aromático | fresco especiado | floral blanco | iris | cítrico | terrosos | atalcado | verde | florales,https://www.fragrantica.es/perfume/Khadlaj-Perfumes/Shiyaaka-For-Men-86143.html,https://privateriche.com/perfume-arabe/khadlaj-shiyaaka-for-men
khadlaj-shiyaaka-shadow,Khadlaj,Shiyaaka Shadow,hombre,edp,100,1,toronja (pomelo) | lavanda | pimienta rosa,ámbar | cedro | madera de cachemira,pachulí | musgo | almizcle,toronja (pomelo) | lavanda | pimienta rosa | ámbar | cedro | madera de cachemira | pachulí | musgo | almizcle,amaderado | cítrico | almizclado | lavanda | ámbar | terrosos | musgoso | pachulí | especiado suave | aromático,https://www.fragrantica.es/perfume/Khadlaj-Perfumes/Shiyaaka-Shadow-113596.html,https://privateriche.com/perfume-arabe/khadlaj-shiyaaka-shadow
khadlaj-shiyaaka-snow,Khadlaj,Shiyaaka Snow,unisex,edp,100,1,bergamota | mandarina,pimienta rosa | nuez moscada | neroli,cardamomo | vetiver,bergamota | mandarina | pimienta rosa | nuez moscada | neroli | cardamomo | vetiver,cítrico | fresco especiado | aromático | cálido especiado | especiado suave | amaderado | florales | verde | terrosos | floral blanco,https://www.fragrantica.es/perfume/Khadlaj-Perfumes/Shiyaaka-Snow-119252.html,https://privateriche.com/perfume-arabe/khadlaj-shiyaaka-snow
khadlaj-zayaan-gold,Khadlaj,Zayaan Gold,unisex,edp,100,1,ciruela | cardamomo | canela | bergamota,lavanda | abrótano | Davana,haba tonka | benjuí | ládano | pachulí,ciruela | cardamomo | canela | bergamota | lavanda | abrótano | Davana | haba tonka | benjuí | ládano | pachulí,cálido especiado | aromático | ámbar | afrutados | dulce | lavanda | avainillado | canela | herbal | balsámico,https://www.fragrantica.es/perfume/Khadlaj-Perfumes/Zayaan-Gold-120255.html,https://privateriche.com/perfume-arabe/khadlaj-zayaan-gold
lattafa-afeef,Lattafa,Afeef,unisex,,100,1,durazno (melocotón) | pimienta rosa | bergamota,nardos | flor de azahar del naranjo | jazmín,praliné | ámbar | sándalo | pachulí,durazno (melocotón) | pimienta rosa | bergamota | nardos | flor de azahar del naranjo | jazmín | praliné | ámbar | sándalo | pachulí,floral blanco | dulce | amaderado | afrutados | cítrico | nardos | ámbar | atalcado | animálico | especiado suave,https://www.fragrantica.es/perfume/Lattafa-Perfumes/Afeef-100126.html,https://privateriche.com/perfume-arabe/lattafa-afeef
lattafa-ajwad,Lattafa,Ajwad,unisex,edp,100,1,notas afrutadas,rosa | jazmín,vainilla | almizcle | ámbar | cedro,notas afrutadas | rosa | jazmín | vainilla | almizcle | ámbar | cedro,rosas | afrutados | avainillado | atalcado | almizclado | dulce | ámbar | floral blanco | florales | amaderado,https://www.fragrantica.es/perfume/Lattafa-Perfumes/Ajwad-75099.html,https://privateriche.com/perfume-arabe/lattafa-ajwad
arabian-oud-al-qiam-gold,Lattafa,Al Qiam Gold,hombre,edp,100,1,frambuesa | azafrán,cuero | pachulí,madera de oud | ámbar | benjuí | madera de gaiac | vetiver,frambuesa | azafrán | cuero | pachulí | madera de oud | ámbar | benjuí | madera de gaiac | vetiver,cuero | oud | cálido especiado | ámbar | amaderado | animálico | afrutados | dulce | pachulí | ahumado,https://www.fragrantica.es/perfume/Lattafa-Perfumes/Al-Qiam-Gold-82816.html,https://privateriche.com/perfume-arabe/arabian-oud-al-qiam-gold
lattafa-ameer-al-oud,Lattafa,Ameer Al Oud,hombre,edp,100,0,,,,madera de oud | notas amaderadas | ládano | azúcar | vainilla,amaderado | oud | avainillado | dulce | ámbar | almizclado | balsámico,https://www.fragrantica.es/perfume/Lattafa-Perfumes/Ameer-Al-Oudh-25826.html,https://privateriche.com/perfume-arabe/lattafa-ameer-al-oud
ajmal-ameer-al-oudh-intense,Lattafa,Ameer Al Oudh Intense Oud,hombre,edp,60,1,notas amaderadas | madera de oud,azúcar | vainilla,madera de oud | sándalo | notas herbales,notas amaderadas | madera de oud | azúcar | vainilla | madera de oud | sándalo | notas herbales,amaderado | avainillado | dulce | oud | atalcado,https://www.fragrantica.es/perfume/Lattafa-Perfumes/Ameer-Al-Oudh-Intense-Oud-64947.html,https://privateriche.com/perfume-arabe/ajmal-ameer-al-oudh-intense
lattafa-ana-abiyedh-rouge,Lattafa,Ana Abiyedh Rouge,mujer,edp,60,1,Pera Nashi | kumquat (naranja enana) | bergamota,caramelo | geranio,ámbar gris | almizcle | musgo de roble,Pera Nashi | kumquat (naranja enana) | bergamota | caramelo | geranio | ámbar gris | almizcle | musgo de roble,cítrico | ámbar | caramelo | aromático | fresco especiado | animálico | afrutados | almizclado | musgoso | dulce,https://www.fragrantica.es/perfume/Lattafa-Perfumes/Ana-Abiyedh-Rouge-63062.html,https://privateriche.com/perfume-arabe/lattafa-ana-abiyedh-rouge
lattafa-ansaam-gold,Lattafa,Ansaam Gold,unisex,edp,100,1,mandarina | pera,notas dulces | jazmín | rosa,almizcle | vainilla | frambuesa,mandarina | pera | notas dulces | jazmín | rosa | almizcle | vainilla | frambuesa,dulce | afrutados | cítrico | almizclado | avainillado | floral blanco | rosas | atalcado,https://www.fragrantica.es/perfume/Lattafa-Perfumes/Ansaam-Gold-82731.html,https://privateriche.com/perfume-arabe/lattafa-ansaam-gold
lattafa-asad,Lattafa,Asad,hombre,edp,100,1,pimienta negra | tabaco | piña,pachulí | café | iris,vainilla | ámbar | Madera seca | benjuí | ládano,pimienta negra | tabaco | piña | pachulí | café | iris | vainilla | ámbar | Madera seca | benjuí | ládano,ámbar | fresco especiado | amaderado | cálido especiado | avainillado | dulce | tabaco | atalcado | pachulí | balsámico,https://www.fragrantica.es/perfume/Lattafa-Perfumes/Asad-72821.html,https://privateriche.com/perfume-arabe/lattafa-asad
lattafa-asad-bourbon,Lattafa,Asad Bourbon,hombre,edp,100,1,lavanda | ciruela Mirabel | pimienta rosa,cacao | nuez moscada | Davana,vainilla Bourbon | ámbar | vetiver,lavanda | ciruela Mirabel | pimienta rosa | cacao | nuez moscada | Davana | vainilla Bourbon | ámbar | vetiver,avainillado | cacao | dulce | lavanda | fresco especiado | cálido especiado | ámbar | aromático | atalcado | especiado suave,https://www.fragrantica.es/perfume/Lattafa-Perfumes/Asad-Bourbon-101124.html,https://privateriche.com/perfume-arabe/lattafa-asad-bourbon
lattafa-asad-elixir,Lattafa,Asad Elixir,hombre,edp,100,1,pimienta rosa | azafrán | toronja (pomelo),tabaco | vainilla | cedro,ámbar ligero | Incienso | pachulí | cachemira,pimienta rosa | azafrán | toronja (pomelo) | tabaco | vainilla | cedro | ámbar ligero | Incienso | pachulí | cachemira,ámbar | amaderado | tabaco | avainillado | dulce | cálido especiado | atalcado | especiado suave | pachulí | fresco especiado,https://www.fragrantica.es/perfume/Lattafa-Perfumes/Asad-Elixir-117616.html,https://privateriche.com/perfume-arabe/lattafa-asad-elixir
lattafa-atheeri,Lattafa,Atheeri,mujer,edp,100,1,flor de pasionaria | Gota del rocío,orquídea | jazmín,vainilla | Amberwood,flor de pasionaria | Gota del rocío | orquídea | jazmín | vainilla | Amberwood,florales | avainillado | dulce | acuático | atalcado | ámbar | afrutados | floral blanco | amaderado,https://www.fragrantica.es/perfume/Lattafa-Perfumes/Atheeri-105152.html,https://privateriche.com/perfume-arabe/lattafa-atheeri
lattafa-badee-al-oud-amethyst,Lattafa,Bade'e Al Oud Amethyst,unisex,edp,100,1,pimienta rosa | bergamota,rosa turca | rosa de Bulgaria (rosa Damascena de Bulgaria) | jazmín,madera de oud | ámbar | vainilla,pimienta rosa | bergamota | rosa turca | rosa de Bulgaria (rosa Damascena de Bulgaria) | jazmín | madera de oud | ámbar | vainilla,rosas | oud | ámbar | especiado suave | florales | avainillado | cítrico | fresco especiado | floral blanco,https://www.fragrantica.es/perfume/Lattafa-Perfumes/Bade-e-Al-Oud-Amethyst-68214.html,https://privateriche.com/perfume-arabe/lattafa-badee-al-oud-amethyst
lattafa-badee-al-oud-honor-glory,Lattafa,Bade'e Al Oud Honor & Glory,unisex,edp,100,1,piña | créme brulée,canela | cúrcuma (azafrán de la India) | pimienta negra | benjuí,vainilla | sándalo | cachemira | musgo,piña | créme brulée | canela | cúrcuma (azafrán de la India) | pimienta negra | benjuí | vainilla | sándalo | cachemira | musgo,dulce | cálido especiado | afrutados | avainillado | amaderado | atalcado | canela | tropical,https://www.fragrantica.es/perfume/Lattafa-Perfumes/Bade-e-Al-Oud-Honor-Glory-84302.html,https://privateriche.com/perfume-arabe/lattafa-badee-al-oud-honor-glory
lattafa-badee-al-oud-sublime,Lattafa,Bade'e Al Oud Sublime,unisex,edp,100,1,manzana | lichi | rosa,ciruela | jazmín,musgo | vainilla | pachulí,manzana | lichi | rosa | ciruela | jazmín | musgo | vainilla | pachulí,afrutados | fresco | tropical | rosas | verde | terrosos | musgoso,https://www.fragrantica.es/perfume/Lattafa-Perfumes/Bade-e-Al-Oud-Sublime-83309.html,https://privateriche.com/perfume-arabe/lattafa-badee-al-oud-sublime
lattafa-eclaire,Lattafa,Eclaire,mujer,edp,100,1,caramelo | leche | azúcar,miel | flores blancas,vainilla | praliné | almizcle,caramelo | leche | azúcar | miel | flores blancas | vainilla | praliné | almizcle,dulce | avainillado | caramelo | lactónico | amielado | atalcado,https://www.fragrantica.es/perfume/Lattafa-Perfumes/Eclaire-93628.html,https://privateriche.com/perfume-arabe/lattafa-eclaire
lattafa-emeer,Lattafa,Emeer,hombre,edp,100,1,limón (lima ácida) | bergamota | esclarea | bayas de enebro,té Blanco | sándalo | cardamomo | incienso de olíbano (franquincienso),ámbar gris | cedro | cachemira | pachulí,limón (lima ácida) | bergamota | esclarea | bayas de enebro | té Blanco | sándalo | cardamomo | incienso de olíbano (franquincienso) | ámbar gris | cedro | cachemira | pachulí,aromático | cítrico | amaderado | ámbar | fresco especiado | cálido especiado | atalcado | verde | balsámico | especiado suave,https://www.fragrantica.es/perfume/Lattafa-Perfumes/Emeer-89761.html,https://privateriche.com/perfume-arabe/lattafa-emeer
lattafa-fakhar,Lattafa,Fakhar,hombre,edp,100,1,durazno (melocotón) | pera | naranja | manzana | grosellas negras,flor de azahar del naranjo | rosa | jazmín sambac (sampaguita),vainilla | pachulí | madera de sándalo | almizcle,durazno (melocotón) | pera | naranja | manzana | grosellas negras | flor de azahar del naranjo | rosa | jazmín sambac (sampaguita) | vainilla | pachulí | madera de sándalo | almizcle,afrutados | floral blanco | dulce | cítrico | amaderado | atalcado | avainillado | rosas | pachulí | fresco,https://www.fragrantica.es/perfume/Lattafa-Perfumes/Fakhar-Lattafa-30864.html,https://privateriche.com/perfume-arabe/lattafa-fakhar
lattafa-fakhar-rose,Lattafa,Fakhar Rose,mujer,edp,100,1,frutas | azucena | granada | aldehídos,nardos | jazmín | gardenia | ylang-ylang | madreselva | rosa | peonía,vainilla | almizcle blanco | sándalo | ambroxan,frutas | azucena | granada | aldehídos | nardos | jazmín | gardenia | ylang-ylang | madreselva | rosa | peonía | vainilla | almizcle blanco | sándalo | ambroxan,floral blanco | afrutados | nardos | dulce | amaderado | animálico | florales,https://www.fragrantica.es/perfume/Lattafa-Perfumes/Fakhar-Rose-70466.html,https://privateriche.com/perfume-arabe/lattafa-fakhar-rose
lattafa-haya,Lattafa,Haya,mujer,edp,100,1,champaña | fresa | naranja tangerina | naranja sanguina | rosa,gardenia | jazmín | orquídea de vainilla,ámbar | sándalo | castaña,champaña | fresa | naranja tangerina | naranja sanguina | rosa | gardenia | jazmín | orquídea de vainilla | ámbar | sándalo | castaña,cítrico | afrutados | floral blanco | dulce | champán | aldehídico | florales | ámbar | rosas | lactónico,https://www.fragrantica.es/perfume/Lattafa-Perfumes/Haya-85031.html,https://privateriche.com/perfume-arabe/lattafa-haya
lattafa-her-confession,Lattafa,Her Confession,mujer,edp,100,1,canela | Mystikal,nardos | jazmín | incienso | Mahonial,vainilla | almizcle | haba tonka,canela | Mystikal | nardos | jazmín | incienso | Mahonial | vainilla | almizcle | haba tonka,avainillado | floral blanco | nardos | ámbar | almizclado | cálido especiado | atalcado | dulce | canela | balsámico,https://www.fragrantica.es/perfume/Lattafa-Perfumes/Her-Confession-96864.html,https://privateriche.com/perfume-arabe/lattafa-her-confession
lattafa-his-confession,Lattafa,His Confession,hombre,edp,100,1,canela | lavanda | mandarina,iris | benjuí | ciprés | Mahonial,vainilla | haba tonka | ámbar | incienso | cedro | pachulí,canela | lavanda | mandarina | iris | benjuí | ciprés | Mahonial | vainilla | haba tonka | ámbar | incienso | cedro | pachulí,ámbar | avainillado | cálido especiado | atalcado | iris | amaderado | aromático | balsámico | canela | lavanda,https://www.fragrantica.es/perfume/Lattafa-Perfumes/His-Confession-96866.html,https://privateriche.com/perfume-arabe/lattafa-his-confession
lattafa-khamrah,Lattafa,Khamrah,unisex,edp,100,1,canela | nuez moscada | bergamota,dátiles | praliné | nardos | Mahonial,vainilla | haba tonka | Amberwood | mirra | benjuí | Akigalawood,canela | nuez moscada | bergamota | dátiles | praliné | nardos | Mahonial | vainilla | haba tonka | Amberwood | mirra | benjuí | Akigalawood,dulce | cálido especiado | avainillado | ámbar | canela | amaderado | fresco especiado | afrutados,https://www.fragrantica.es/perfume/Lattafa-Perfumes/Khamrah-75805.html,https://privateriche.com/perfume-arabe/lattafa-khamrah
lattafa-khamrah-qahwa,Lattafa,Khamrah Qahwa,unisex,edp,100,1,canela | cardamomo | jengibre,praliné | Frutas confitadas | flores blancas,vainilla | café | haba tonka | benjuí | almizcle,canela | cardamomo | jengibre | praliné | Frutas confitadas | flores blancas | vainilla | café | haba tonka | benjuí | almizcle,cálido especiado | dulce | avainillado | canela | café | ámbar | atalcado,https://www.fragrantica.es/perfume/Lattafa-Perfumes/Khamrah-Qahwa-88175.html,https://privateriche.com/perfume-arabe/lattafa-khamrah-qahwa
lattafa-maahir,Lattafa,Maahir,hombre,edp,100,1,bayas rojas | durazno (melocotón) | bergamota,jazmín | peonía | azucena roja,sándalo | flor de vainilla | almizcle,bayas rojas | durazno (melocotón) | bergamota | jazmín | peonía | azucena roja | sándalo | flor de vainilla | almizcle,atalcado | amaderado | avainillado | almizclado | floral blanco | dulce | afrutados | florales | fresco | cálido especiado,https://www.fragrantica.es/perfume/Lattafa-Perfumes/Maahir-64950.html,https://privateriche.com/perfume-arabe/lattafa-maahir
lattafa-maahir-black,Lattafa,Maahir Black,hombre,edp,100,1,pimienta negra | pimienta rosa | azafrán,Aceite de cade | ládano | bálsamo de Gurjum | ruibarbo,cuero | cedro | madera de gaiac | pachulí | musgo | almizcle,pimienta negra | pimienta rosa | azafrán | Aceite de cade | ládano | bálsamo de Gurjum | ruibarbo | cuero | cedro | madera de gaiac | pachulí | musgo | almizcle,amaderado | fresco especiado | cuero | aromático | cálido especiado | almizclado | ámbar,https://www.fragrantica.es/perfume/Lattafa-Perfumes/Maahir-Black-Edition-66564.html,https://privateriche.com/perfume-arabe/lattafa-maahir-black
lattafa-mayar,Lattafa,Mayar,mujer,edp,100,1,lichi | frambuesa | hojas de violeta,rosa blanca | peonía | jazmín,almizcle | vainilla,lichi | frambuesa | hojas de violeta | rosa blanca | peonía | jazmín | almizcle | vainilla,afrutados | rosas | dulce | fresco | tropical | florales | acuático | almizclado,https://www.fragrantica.es/perfume/Lattafa-Perfumes/Mayar-84309.html,https://privateriche.com/perfume-arabe/lattafa-mayar
lattafa-mayar-intense,Lattafa,Mayar Intense,mujer,edp,100,1,Mandarina verde | higo | Agua de coco | melón,flor de loto | nenúfar (lirio de agua) | jazmín,almizcle | ambroxan | vainilla | sándalo,Mandarina verde | higo | Agua de coco | melón | flor de loto | nenúfar (lirio de agua) | jazmín | almizcle | ambroxan | vainilla | sándalo,florales | acuático | afrutados | ozónico | cítrico | fresco | almizclado | dulce | amaderado | aromático,https://www.fragrantica.es/perfume/Lattafa-Perfumes/Mayar-Natural-Intense-89759.html,https://privateriche.com/perfume-arabe/lattafa-mayar-intense
lattafa-musamam,Lattafa,Musamam,unisex,edp,100,1,azafrán | mandarina italiana | lavanda,Amberwood | cedro de Virginia | geranio,Akigalawood | incienso | ládano,azafrán | mandarina italiana | lavanda | Amberwood | cedro de Virginia | geranio | Akigalawood | incienso | ládano,amaderado | ámbar | cálido especiado | oud | ahumado | balsámico,https://www.fragrantica.es/perfume/Lattafa-Perfumes/Musamam-84720.html,https://privateriche.com/perfume-arabe/lattafa-musamam
lattafa-nebras,Lattafa,Nebras,unisex,edp,100,1,bayas rojas | mandarina,vainilla | cacao | rosa,azúcar | haba tonka | ámbar | almizcle,bayas rojas | mandarina | vainilla | cacao | rosa | azúcar | haba tonka | ámbar | almizcle,avainillado | dulce | cacao | cálido especiado | ámbar | afrutados | atalcado,https://www.fragrantica.es/perfume/Lattafa-Perfumes/Nebras-78560.html,https://privateriche.com/perfume-arabe/lattafa-nebras
lattafa-opulent-musk,Lattafa,Opulent Musk,unisex,edp,100,1,almizcle blanco | azafrán | limón (lima ácida),flores blancas | jazmín,almizcle blanco | cedro | ámbar | resina | resina de abeto,almizcle blanco | azafrán | limón (lima ácida) | flores blancas | jazmín | almizcle blanco | cedro | ámbar | resina | resina de abeto,almizclado | ámbar | amaderado | atalcado | cálido especiado | floral blanco | metálico | aromático | animálico | cuero,https://www.fragrantica.es/perfume/Lattafa-Perfumes/Opulent-Musk-67940.html,https://privateriche.com/perfume-arabe/lattafa-opulent-musk
lattafa-oud-for-glory,Lattafa,Oud For Glory,unisex,edp,100,1,azafrán | nuez moscada | lavanda,madera de oud | pachulí,madera de oud | pachulí | almizcle,azafrán | nuez moscada | lavanda | madera de oud | pachulí | madera de oud | pachulí | almizcle,oud | cálido especiado | fresco especiado | pachulí | metálico | almizclado | amaderado | lavanda | terrosos | cuero,https://www.fragrantica.es/perfume/Lattafa-Perfumes/Bade-e-Al-Oud-Oud-for-Glory-64948.html,https://privateriche.com/perfume-arabe/lattafa-oud-for-glory
lattafa-oud-mood,Lattafa,Oud Mood,unisex,edp,100,1,rosa | azafrán | pimienta de Jamaica,madera de oud | caramelo | notas florales | pachulí,notas amaderadas | ámbar | resinas | incienso | almizcle,rosa | azafrán | pimienta de Jamaica | madera de oud | caramelo | notas florales | pachulí | notas amaderadas | ámbar | resinas | incienso | almizcle,ámbar | oud | amaderado | cálido especiado | caramelo | balsámico | rosas | ahumado | florales,https://www.fragrantica.es/perfume/Lattafa-Perfumes/Oud-Mood-46814.html,https://privateriche.com/perfume-arabe/lattafa-oud-mood
lattafa-qaed-al-fursan-unlimited,Lattafa,Qaed Al Fursan Unlimited,hombre,edp,90,1,coco | piña | cítricos,"ylang-ylang | frangipani (plumeria, plumaria, atapaima) | jazmín",vainilla | almizcle | sándalo | notas dulces,"coco | piña | cítricos | ylang-ylang | frangipani (plumeria, plumaria, atapaima) | jazmín | vainilla | almizcle | sándalo | notas dulces",dulce | avainillado | coco | tropical | atalcado | florales | lactónico | amaderado | Floral amarillo | almizclado,https://www.fragrantica.es/perfume/Lattafa-Perfumes/Qaed-Al-Fursan-Unlimited-82590.html,https://privateriche.com/perfume-arabe/lattafa-qaed-al-fursan-unlimited
lattafa-raed-luxe,Lattafa,Raed Luxe,unisex,edp,100,1,sandía | enebro | piña | jazmín | pimienta rosa | flor de la acacia de Constantinopla (árbol de la seda),notas herbales | lavanda | salvia | canela,Hielo | fresa | sándalo | vetiver | ámbar | vainilla | almizcle | haba tonka | castaña,sandía | enebro | piña | jazmín | pimienta rosa | flor de la acacia de Constantinopla (árbol de la seda) | notas herbales | lavanda | salvia | canela | Hielo | fresa | sándalo | vetiver | ámbar | vainilla | almizcle | haba tonka | castaña,aromático | afrutados | amaderado | dulce | fresco | acuático | ozónico | fresco especiado | ámbar | atalcado,https://www.fragrantica.es/perfume/Lattafa-Perfumes/Ra-ed-Luxe-65392.html,https://privateriche.com/perfume-arabe/lattafa-raed-luxe
lattafa-raghba,Lattafa,Raghba,unisex,edp,100,0,,,,vainilla | azúcar | madera de oud | incienso | sándalo | almizcle,avainillado | dulce | oud | ámbar | atalcado | balsámico | ahumado | amaderado | cálido especiado | almizclado,https://www.fragrantica.es/perfume/Lattafa-Perfumes/Raghba-25807.html,https://privateriche.com/perfume-arabe/lattafa-raghba
lattafa-teriaq,Lattafa,Teriaq,unisex,edp,100,1,caramelo | almendra amarga | chabacano | pimienta rosa,miel | ruibarbo | flores blancas | rosa,cuero | vainilla | almizcle | ládano | vetiver,caramelo | almendra amarga | chabacano | pimienta rosa | miel | ruibarbo | flores blancas | rosa | cuero | vainilla | almizcle | ládano | vetiver,dulce | caramelo | afrutados | amielado | cuero | avainillado | almendrado | animálico | almizclado | atalcado,https://www.fragrantica.es/perfume/Lattafa-Perfumes/Teriaq-89850.html,https://privateriche.com/perfume-arabe/lattafa-teriaq
lattafa-velvet-oud,Lattafa,Velvet Oud,unisex,edp,100,0,,,,cuero | madera de oud | incienso | cítricos | ámbar | almizcle | canela,cuero | ámbar | ahumado | oud | animálico | cítrico | almizclado | cálido especiado | balsámico | atalcado,https://www.fragrantica.es/perfume/Lattafa-Perfumes/Velvet-Oud-60262.html,https://privateriche.com/perfume-arabe/lattafa-velvet-oud
lattafa-yara,Lattafa,Yara,mujer,edp,100,1,orquídea | heliotropo | naranja tangerina,Acorde goloso | frutas tropicales,vainilla | almizcle | sándalo,orquídea | heliotropo | naranja tangerina | Acorde goloso | frutas tropicales | vainilla | almizcle | sándalo,dulce | avainillado | atalcado | tropical | almizclado | afrutados | florales | cítrico,https://www.fragrantica.es/perfume/Lattafa-Perfumes/Yara-76880.html,https://privateriche.com/perfume-arabe/lattafa-yara
lattafa-yara-candy,Lattafa,Yara Candy,mujer,edp,100,1,grosellas negras | Mandarina verde,Caramelo de fresa efervescente | gardenia,vainilla | almizcle | ámbar | sándalo,grosellas negras | Mandarina verde | Caramelo de fresa efervescente | gardenia | vainilla | almizcle | ámbar | sándalo,avainillado | afrutados | atalcado | cítrico | floral blanco | aromático | amaderado | almizclado | especiado suave | animálico,https://www.fragrantica.es/perfume/Lattafa-Perfumes/Yara-Candy-95752.html,https://privateriche.com/perfume-arabe/lattafa-yara-candy
lattafa-yara-elixir,Lattafa,Yara Elixir,mujer,edp,100,1,S&#039;mores de Fresa | grosellas negras,jazmín | flor de azahar del naranjo,vainilla | caramelo | ámbar | almizcle,S&#039;mores de Fresa | grosellas negras | jazmín | flor de azahar del naranjo | vainilla | caramelo | ámbar | almizcle,avainillado | caramelo | dulce | floral blanco | atalcado | afrutados | ámbar | almizclado | especiado suave | animálico,https://www.fragrantica.es/perfume/Lattafa-Perfumes/Yara-Elixir-117615.html,https://privateriche.com/perfume-arabe/lattafa-yara-elixir
lattafa-yara-moi,Lattafa,Yara Moi,mujer,edp,100,1,jazmín | durazno (melocotón),caramelo | ámbar,pachulí | sándalo,jazmín | durazno (melocotón) | caramelo | ámbar | pachulí | sándalo,amaderado | floral blanco | pachulí | cálido especiado | caramelo | atalcado | ámbar | afrutados | dulce | balsámico,https://www.fragrantica.es/perfume/Lattafa-Perfumes/Yara-Moi-80722.html,https://privateriche.com/perfume-arabe/lattafa-yara-moi
orientica-amber-rouge,Orientica,Amber Rouge,unisex,edp,80,1,azafrán | jazmín,Amberwood | ámbar gris,cedro | resina de abeto,azafrán | jazmín | Amberwood | ámbar gris | cedro | resina de abeto,ámbar | amaderado | cálido especiado | metálico | animálico | cuero | floral blanco,https://www.fragrantica.es/perfume/Orientica-Premium/Amber-Rouge-69364.html,https://privateriche.com/perfume-arabe/orientica-amber-rouge
orientica-oud-saffron,Orientica,Oud Saffron,hombre,edp,80,1,notas orientales | vainilla,azafrán | pachulí,madera de oud | almizcle | madera de gaiac,notas orientales | vainilla | azafrán | pachulí | madera de oud | almizcle | madera de gaiac,cálido especiado | oud | ámbar | almizclado | amaderado | avainillado | atalcado | pachulí | metálico,https://www.fragrantica.es/perfume/Orientica-Premium/Oud-Saffron-69363.html,https://privateriche.com/perfume-arabe/orientica-oud-saffron
orientica-royal-amber,Orientica,Royal Amber,unisex,edp,80,1,canela | naranja,bálsamo de Gurjum | orquídea negra,pachulí | sándalo,canela | naranja | bálsamo de Gurjum | orquídea negra | pachulí | sándalo,amaderado | cálido especiado | canela | pachulí | cítrico | atalcado | balsámico | fresco especiado,https://www.fragrantica.es/perfume/Orientica/Royal-Amber-55916.html,https://privateriche.com/perfume-arabe/orientica-royal-amber
orientica-velvet-gold,Orientica,Velvet Gold,mujer,edp,80,1,caramelo | violeta | pimienta rosa | bergamota,notas atalcadas | rosa | pachulí,vainilla | almizcle | Notas de animal,caramelo | violeta | pimienta rosa | bergamota | notas atalcadas | rosa | pachulí | vainilla | almizcle | Notas de animal,atalcado | almizclado | caramelo | avainillado | violeta | animálico | dulce | rosas | florales | especiado suave,https://www.fragrantica.es/perfume/Orientica-Premium/Velvet-Gold-75641.html,https://privateriche.com/perfume-arabe/orientica-velvet-gold
rasasi-abyan-for-her,Rasasi,Abyan for Her,mujer,edp,50,1,frambuesa | limón (lima ácida),rosa | hojas de violeta,almizcle | cedro | algalia (civet),frambuesa | limón (lima ácida) | rosa | hojas de violeta | almizcle | cedro | algalia (civet),afrutados | rosas | almizclado | dulce | atalcado | cítrico | ozónico | animálico | acuático | amaderado,https://www.fragrantica.es/perfume/Rasasi/Abyan-19675.html,https://privateriche.com/perfume-arabe/rasasi-abyan-for-her
rasasi-daarej,Rasasi,Daarej pour Femme,mujer,edp,100,1,durazno (melocotón) | notas verdes | naranja | bergamota,heliotropo | orquídea | nardos | jazmín | lirio de los valles (muguete),caramelo | almizcle | vetiver | sándalo | ámbar | pachulí,durazno (melocotón) | notas verdes | naranja | bergamota | heliotropo | orquídea | nardos | jazmín | lirio de los valles (muguete) | caramelo | almizcle | vetiver | sándalo | ámbar | pachulí,atalcado | floral blanco | amaderado | florales | dulce | caramelo | avainillado | verde | almizclado | cítrico,https://www.fragrantica.es/perfume/Rasasi/Daarej-pour-Femme-19687.html,https://privateriche.com/perfume-arabe/rasasi-daarej
rasasi-egra,Rasasi,Egra,mujer,edp,100,1,pimienta | fresia | nenúfar (lirio de agua) | bergamota,jazmín | flor de azahar del naranjo | ciruela,almizcle | pachulí | sándalo,pimienta | fresia | nenúfar (lirio de agua) | bergamota | jazmín | flor de azahar del naranjo | ciruela | almizcle | pachulí | sándalo,floral blanco | almizclado | florales | atalcado | fresco especiado | amaderado | cálido especiado | cítrico | dulce | afrutados,https://www.fragrantica.es/perfume/Rasasi/Egra-Women-19677.html,https://privateriche.com/perfume-arabe/rasasi-egra
rasasi-hawas,Rasasi,Hawas,hombre,edp,100,1,manzana | bergamota | limón (lima ácida) | canela,notas acuosas | ciruela | flor de azahar del naranjo | cardamomo,ámbar gris | almizcle | pachulí | trozos de madera a la deriva,manzana | bergamota | limón (lima ácida) | canela | notas acuosas | ciruela | flor de azahar del naranjo | cardamomo | ámbar gris | almizcle | pachulí | trozos de madera a la deriva,afrutados | cítrico | acuático | fresco | cálido especiado | dulce | ámbar | almizclado | aromático | animálico,https://www.fragrantica.es/perfume/Rasasi/Hawas-for-Him-46890.html,https://privateriche.com/perfume-arabe/rasasi-hawas
rasasi-hawas-black,Rasasi,Hawas Black,hombre,edp,100,1,bergamota | piña | toronja (pomelo),pachulí | cedro | jazmín,musgo de roble | notas amaderadas | ámbar,bergamota | piña | toronja (pomelo) | pachulí | cedro | jazmín | musgo de roble | notas amaderadas | ámbar,amaderado | cítrico | musgoso | terrosos | fresco especiado | afrutados | pachulí | dulce | aromático,https://www.fragrantica.es/perfume/Rasasi/Hawas-Black-96817.html,https://privateriche.com/perfume-arabe/rasasi-hawas-black
rasasi-hawas-fire,Rasasi,Hawas Fire,hombre,edp,100,1,esclarea,Notas marinas | jazmín egipcio,ámbar | Notas minerales | ámbar gris,esclarea | Notas marinas | jazmín egipcio | ámbar | Notas minerales | ámbar gris,ámbar | aromático | mineral | marino | especiado suave | floral blanco | animálico | salado,https://www.fragrantica.es/perfume/Rasasi/Hawas-Fire-101665.html,https://privateriche.com/perfume-arabe/rasasi-hawas-fire
rasasi-hawas-ice,Rasasi,Hawas Ice,hombre,edp,100,1,manzana | limón italiano (lima italiana) | bergamota de Sicilia | anís estrellado,ciruela | flor de azahar del naranjo | cardamomo,almizcle | ámbar | trozos de madera a la deriva | musgo,manzana | limón italiano (lima italiana) | bergamota de Sicilia | anís estrellado | ciruela | flor de azahar del naranjo | cardamomo | almizcle | ámbar | trozos de madera a la deriva | musgo,afrutados | cítrico | dulce | fresco | aromático | almizclado | atalcado | fresco especiado | verde | ámbar,https://www.fragrantica.es/perfume/Rasasi/Hawas-Ice-89050.html,https://privateriche.com/perfume-arabe/rasasi-hawas-ice
rasasi-hawas-kobra,Rasasi,Hawas Kobra,hombre,edp,100,1,jengibre | bergamota | naranja tangerina,té verde | canela | neroli,almizcle | notas amaderadas | ámbar,jengibre | bergamota | naranja tangerina | té verde | canela | neroli | almizcle | notas amaderadas | ámbar,cítrico | fresco especiado | fresco | almizclado | amaderado | verde | atalcado | ámbar | canela | cálido especiado,https://www.fragrantica.es/perfume/Rasasi/Hawas-Kobra-112706.html,https://privateriche.com/perfume-arabe/rasasi-hawas-kobra
rasasi-hawas-malibu,Rasasi,Hawas Malibu,hombre,edp,100,1,piña | naranja | toronja (pomelo),raíz de lirio | ámbar | lavanda,haba tonka | almizcle | pachulí | cachemira,piña | naranja | toronja (pomelo) | raíz de lirio | ámbar | lavanda | haba tonka | almizcle | pachulí | cachemira,dulce | ámbar | cítrico | afrutados | atalcado | avainillado | iris | almizclado | amaderado | aromático,https://www.fragrantica.es/perfume/Rasasi/Hawas-Malibu-112707.html,https://privateriche.com/perfume-arabe/rasasi-hawas-malibu
rasasi-hawas-tropical,Rasasi,Hawas Tropical,hombre,edp,100,1,Agua de coco | hojas de higuera | jengibre,coco | higo | menta,sándalo | haba tonka | almizcle,Agua de coco | hojas de higuera | jengibre | coco | higo | menta | sándalo | haba tonka | almizcle,dulce | verde | amaderado | coco | avainillado | fresco | atalcado | aromático | lactónico | afrutados,https://www.fragrantica.es/perfume/Rasasi/Hawas-Tropical-108054.html,https://privateriche.com/perfume-arabe/rasasi-hawas-tropical
rasasi-hawas-viper,Rasasi,Hawas Viper,hombre,edp,100,1,azafrán | marihuana (cannabis) | tomillo | notas verdes | Davana,tabaco | café | canela | violeta | frambuesa,bálsamo de Gurjum | almizcle | haba tonka,azafrán | marihuana (cannabis) | tomillo | notas verdes | Davana | tabaco | café | canela | violeta | frambuesa | bálsamo de Gurjum | almizcle | haba tonka,cálido especiado | tabaco | aromático | dulce | verde | Cannabis | almizclado | café | afrutados | amaderado,https://www.fragrantica.es/perfume/Rasasi/Hawas-Viper-113594.html,https://privateriche.com/perfume-arabe/rasasi-hawas-viper
rasasi-hawas-for-her,Rasasi,Hawas for Her,mujer,edp,100,1,granada | manzana | toronja (pomelo),iris | jazmín sambac (sampaguita) | cítricos,praliné | pachulí | vetiver,granada | manzana | toronja (pomelo) | iris | jazmín sambac (sampaguita) | cítricos | praliné | pachulí | vetiver,amaderado | dulce | afrutados | terrosos | cítrico | pachulí | iris | fresco especiado | fresco | floral blanco,https://www.fragrantica.es/perfume/Rasasi/Hawas-for-Her-67146.html,https://privateriche.com/perfume-arabe/rasasi-hawas-for-her
rasasi-la-yuqawam,Rasasi,La Yuqawam,hombre,edp,75,1,frambuesa | azafrán | tomillo,incienso de olíbano (franquincienso) | jazmín | abrótano,cuero | gamuza | notas amaderadas | ámbar,frambuesa | azafrán | tomillo | incienso de olíbano (franquincienso) | jazmín | abrótano | cuero | gamuza | notas amaderadas | ámbar,cuero | afrutados | dulce | animálico | ámbar | amaderado | almizclado | cálido especiado | ahumado,https://www.fragrantica.es/perfume/Rasasi/La-Yuqawam-Homme-19668.html,https://privateriche.com/perfume-arabe/rasasi-la-yuqawam
riiffs-freeze,Riiffs,Freeze,unisex,,100,1,Menta verde | Ralladura de limón | bergamota de Calabria | toronja (pomelo) | Nieve,Hielo | té | jengibre | salvia,Ambermax™ | peonía | cedro,Menta verde | Ralladura de limón | bergamota de Calabria | toronja (pomelo) | Nieve | Hielo | té | jengibre | salvia | Ambermax™ | peonía | cedro,fresco | cítrico | verde | fresco especiado | aromático,https://www.fragrantica.es/perfume/Riiffs-Perfumes/Freeze-118093.html,https://privateriche.com/perfume-arabe/riiffs-freeze
swiss-arabian-layali,Swiss Arabian,Layali,mujer,edp,100,1,ciruela | grosellas negras | flor de azahar del naranjo,ylang-ylang | jazmín | rosa,madera de oud | ámbar,ciruela | grosellas negras | flor de azahar del naranjo | ylang-ylang | jazmín | rosa | madera de oud | ámbar,afrutados | floral blanco | dulce | Floral amarillo | oud | amaderado | florales | ámbar | rosas | animálico,https://www.fragrantica.es/perfume/Swiss-Arabian/Layali-56235.html,https://privateriche.com/perfume-arabe/swiss-arabian-layali
swiss-arabian-nouf,Swiss Arabian,Nouf,mujer,edp,50,1,toronja (pomelo) | bergamota | limón (lima ácida),ámbar | pimienta,cedro | ámbar | palisandro,toronja (pomelo) | bergamota | limón (lima ácida) | ámbar | pimienta | cedro | ámbar | palisandro,cítrico | amaderado | fresco especiado | ámbar | aromático | cálido especiado | atalcado,https://www.fragrantica.es/perfume/Swiss-Arabian/Nouf-19459.html,https://privateriche.com/perfume-arabe/swiss-arabian-nouf
swiss-arabian-rasheeqa,Swiss Arabian,Rasheeqa,mujer,edp,50,1,rosa | notas verdes,aldehídos | lirio de los valles (muguete) | jazmín,sándalo | cedro | almizcle,rosa | notas verdes | aldehídos | lirio de los valles (muguete) | jazmín | sándalo | cedro | almizcle,amaderado | floral blanco | rosas | fresco | aldehídico | verde | atalcado | florales | almizclado | jabonoso,https://www.fragrantica.es/perfume/Swiss-Arabian/Rasheeqa-19472.html,https://privateriche.com/perfume-arabe/swiss-arabian-rasheeqa
swiss-arabian-shaghaf-oud-aswad,Swiss Arabian,Shaghaf Oud Aswad,hombre,edp,75,1,rosa | azafrán | notas amaderadas | tomillo,rosa | madera de oud | pachulí | comino | cilantro | jazmín,madera de oud | cuero | ámbar | sándalo | vainilla | almizcle,rosa | azafrán | notas amaderadas | tomillo | rosa | madera de oud | pachulí | comino | cilantro | jazmín | madera de oud | cuero | ámbar | sándalo | vainilla | almizcle,amaderado | rosas | oud | cálido especiado | cuero | fresco especiado | aromático | animálico | atalcado | pachulí,https://www.fragrantica.es/perfume/Swiss-Arabian/Shaghaf-Oud-Aswad-54283.html,https://privateriche.com/perfume-arabe/swiss-arabian-shaghaf-oud-aswad
swiss-arabian-wajd,Swiss Arabian,Wajd,unisex,edp,50,1,rosa turca | notas afrutadas | manzana,pachulí | raíz de lirio,notas dulces | ámbar | almizcle | resina,rosa turca | notas afrutadas | manzana | pachulí | raíz de lirio | notas dulces | ámbar | almizcle | resina,dulce | afrutados | rosas | ámbar | pachulí | atalcado | amaderado | almizclado | terrosos | balsámico,https://www.fragrantica.es/perfume/Swiss-Arabian/Wajd-56244.html,https://privateriche.com/perfume-arabe/swiss-arabian-wajd
